Target,Spot_HH_20,Spot_psi_c,Spot_PSSMS_19,cncc(1),Spot_P(8-G),Spot_PSSMS_2,Dis_BG(16),Spot_PSSMS_6,Spot_PSSMS_14,Spot_HH_17,Spot_HH_6,Spot_ASA,Dis_sPSEE(1),Dis_BG(14),Spot_HH_7,Spot_HH_23,Dis_BG(6),Spot_PSSMS_4,Spot_HSEa-d,Spot_PSSMS_17,Spot_HH_10,Dis_BG(15),Spot_PSSMS_11,Spot_HH_1,Spot_HSEa-u,Dis_BG(18),Dis_BG(10),Spot_CN13,Spot_HH_3,Spot_tau,Spot_HH_11,Spot_HH_29,Opa_PROMISS,Spot_HH_22,Dis_PP(2),Spot_tau_c,Spot_P(8-C),Opa_OPAL,Dis_BG(12),cncc(2),Spot_HH_12,cncc(3),Spot_HH_2,Dis_MG(1),Spot_P(8-S),Spot_PSSMS_15,Spot_HH_5,Spot_PSSMS_5,Dis_SS(1),Spot_HH_13,Spot_HH_28,Dis_BG(4),Dis_BG(5),Spot_HH_30,Dis_BG(13),Spot_HH_16,Dis_BG(9),ANCHOR2,Spot_HH_21,Dis_BG(2),Dis_BG(17),cncc(0),Spot_P(D),Spot_P(3-H),Dis_SS(3),Spot_HH_14,Spot_P(3-C),Spot_PSSMS_7,Dis_BG(20),IUPRED2_long,Spot_HH_8,Spot_HH_9,Spot_phi,Spot_P(3-E),Spot_HH_15,Spot_HH_18,Dis_BG(19),Dis_BG(3),Spot_PSSMS_9,Spot_HH_19,Dis_BG(8),Dis_BG(1),IUPRED2_short,Dis_BG(11),Spot_phi_c,Spot_HH_4,Opa_MoRFchibi,Spot_PSSMS_1,Spot_P(8-H),Spot_P(8-T),Spot_PSSMS_20,Dis_SS(2),Dis_BG(7),Dis_SVM_Probability,Spot_psi,Spot_HH_27
0,9999.0,-0.0417012732621115,-3.0,0.0,0.0,-2.0,0.0545,0.0,-3.0,9999.0,9999.0,0.5782666666666666,0.06817,0.2875,9999.0,9999.0,-0.1859,6.0,12.93,-1.0,9999.0,0.0768,-4.0,9999.0,4.29,0.404,0.2132,18.46,0.0,-0.5207116546699956,9999.0,0.0,0.796051,9999.0,-0.46,-0.8537326119405508,0.9978,0.875389,-0.2033,-0.1252146941082728,9999.0,-0.2422170693182226,9999.0,-0.0843,0.0005,-1.0,9999.0,-3.0,-0.9612,9999.0,1000.0,-0.0322,0.2975,0.0,0.0669,9999.0,0.0248,0.3072,0.0,-0.1909,0.0843,0.0,0.556,0.0014,-0.2256,9999.0,0.9984,2.0,0.114,0.2645,9999.0,9999.0,-0.997198204593572,0.0002,9999.0,9999.0,0.2057,-0.0198,-1.0,9999.0,0.171,0.0843,0.8158,0.1537,0.0748046840469005,9999.0,0.95,-2.0,0.001,0.0005,-3.0,0.1868,-0.2355,0.883326,0.9991301235616504,9999.0
1,9999.0,0.8362861558477596,2.0,-0.1252146941082728,0.0103,-3.0,-0.0074,-2.0,1.0,9999.0,9999.0,0.6386666666666667,-1.777171,0.4809,9999.0,9999.0,-0.0719,-4.0,10.98,-2.0,9999.0,0.3247,-2.0,9999.0,2.48,0.4933,0.3941,14.51,9999.0,0.7859648138317787,9999.0,0.0,0.797138,9999.0,1.0,-0.6182712280369977,0.1186,0.875768,-0.0223,0.3037167360046741,9999.0,-0.1080283503591895,9999.0,-0.228,0.0064,-4.0,9999.0,-2.0,-0.9588,9999.0,1000.0,0.1983,0.4387,0.0,0.1785,9999.0,0.2528,0.3495,0.0,0.0124,0.1215,0.0,0.539,0.8336,0.717,9999.0,0.1657999999999999,-3.0,0.238,0.3149,9999.0,9999.0,-0.9288742131985404,0.0007,9999.0,9999.0,0.3669,0.1586,-2.0,0.0,0.2776,-0.0471,0.7772,0.3396,0.3703953240185308,9999.0,0.95,-3.0,0.8243,0.0397,-3.0,-0.7582,-0.0768,0.863143,-0.5482932295199138,9999.0
2,9999.0,0.761764497661001,-1.0,0.3037167360046741,0.0107,-2.0,0.0099,-2.0,0.0,9999.0,9999.0,0.5632352941176471,-3.37813,0.0595,9999.0,9999.0,0.238,-4.0,11.1,-1.0,0.0,0.2057,4.0,9999.0,3.25,0.1215,-0.0545,15.71,9999.0,0.8156330034743637,9999.0,0.0,0.797977,9999.0,-0.07,0.5785696186660587,0.0168,0.876166,0.2578,-0.0413449115297361,9999.0,0.3271022543084387,9999.0,-0.0992,0.0062,-3.0,9999.0,-1.0,-0.9496,9999.0,1000.0,0.2652,0.0099,0.0,-0.0074,9999.0,0.2528,0.3657,0.0,0.2528,-0.0223,-0.2422170693182226,0.492,0.9465,0.8642,9999.0,0.0532,-3.0,-0.0496,0.3249,9999.0,9999.0,-0.9113314399495752,0.0002,9999.0,9999.0,0.1215,0.2057,-3.0,9999.0,0.1091,-0.1289,0.7275,-0.0694,0.4116734222164867,9999.0,0.95,-1.0,0.937,0.0289999999999999,1.0,-0.9146,0.2702,0.859586,-0.6478540345658756,9999.0
3,9999.0,0.7627812041912193,-2.0,-0.0413449115297361,0.0097,2.0,0.0124,1.0,-3.0,9999.0,9999.0,0.5998,0.016782,0.0694,9999.0,9999.0,-0.1586,-1.0,12.92,-1.0,9999.0,0.005,-2.0,9999.0,2.68,-0.0099,0.1388,16.51,9999.0,0.7797752269605653,9999.0,0.0,0.798082,9999.0,0.07,0.6260595781701602,0.0069,0.876281,-0.1363,0.2738612787525831,9999.0,0.8994679278281629,9999.0,0.0,0.0023,-1.0,9999.0,-3.0,-0.9488,9999.0,1000.0,-0.1041,0.1487,0.0,0.0248,9999.0,-0.0768,0.3393,0.0,-0.1264,0.0099,-0.1080283503591895,0.446,0.9798,0.854,9999.0,0.0200999999999999,1.0,0.1239,0.2609,9999.0,0.0,-0.9068969898099272,0.0001,9999.0,9999.0,0.0074,-0.0917,-1.0,9999.0,0.0992,0.1785,0.6334,0.1016,0.4213524058002907,9999.0,0.95,-1.0,0.9707,0.0103,-2.0,-0.905,-0.1661,0.87255,-0.6466566589254249,9999.0
4,9999.0,0.7522999344381012,-2.0,0.2738612787525831,0.0046999999999999,-1.0,-0.0297,-1.0,-2.0,9999.0,9999.0,0.4981739130434782,-0.570055,-0.0273,9999.0,9999.0,0.0644,-2.0,14.24,0.0,9999.0,0.0099,-1.0,0.0,1.86,-0.0471,-0.0446,16.15,9999.0,0.7731765106436073,9999.0,0.0,0.799936,9999.0,-0.76,0.6341908887621895,0.0039,0.876917,0.1016,0.2526455763199557,9999.0,0.465012299255257,9999.0,-0.0074,0.0011,-1.0,9999.0,0.0,-0.9526,9999.0,1000.0,0.057,-0.0744,0.0,0.0223,9999.0,0.0694,0.3694,0.0,0.1413,-0.0174,0.3271022543084387,0.413,0.9893,0.87,9999.0,0.0106,-1.0,-0.0372,0.3019,9999.0,9999.0,-0.9010770213220916,0.0001,9999.0,9999.0,-0.0149,0.0793,-2.0,9999.0,-0.0471,-0.1016,0.5941,-0.0273,0.4336590845875444,9999.0,0.95,4.0,0.9853,0.0049,0.0,-0.9174,0.0967,0.85261,-0.6588207712606129,9999.0
5,9999.0,0.7542513807361039,-2.0,0.2526455763199557,0.0017,5.0,0.0099,1.0,-3.0,9999.0,9999.0,0.5626666666666666,-0.739765,0.0719,9999.0,9999.0,-0.1611,-2.0,15.57,-1.0,9999.0,0.0397,-2.0,9999.0,2.15,0.0,0.1363,17.74,9999.0,0.7679482576392962,9999.0,0.0,0.800941,9999.0,0.41,0.6405118840339883,0.0027,0.876917,-0.1264,-0.0103661735595187,9999.0,0.6341353637627127,9999.0,-0.0198,0.0008,-2.0,9999.0,-3.0,-0.9546,9999.0,1000.0,-0.0644,0.1611,0.0,0.005,9999.0,-0.057,0.3777,0.0,-0.114,0.0124,0.8994679278281629,0.402,0.9919,0.877,9999.0,0.008,0.0,0.1388,0.3053,9999.0,9999.0,-0.9066762459007588,0.0001,0.0,9999.0,0.0124,-0.0694,0.0,9999.0,0.1809,0.1735,0.5296,0.0644,0.4218271981739759,9999.0,0.95,-1.0,0.991,0.0037,-2.0,-0.9224,-0.1487,0.880819,-0.6565857557529564,9999.0
6,9999.0,0.7429112095630296,-1.0,-0.0103661735595187,0.001,-2.0,0.005,-2.0,-1.0,9999.0,9999.0,0.3685806451612903,-2.221448,0.0793,9999.0,9999.0,0.1859,-3.0,13.56,0.0,9999.0,0.1735,1.0,9999.0,5.56,0.1314,-0.0149,20.93,9999.0,0.7602926039513211,9999.0,0.0,0.801875,9999.0,-0.32,0.6495807543153658,0.0019,0.876917,0.1661,-0.1765469659009499,9999.0,-0.1820769978663783,9999.0,-0.0892,0.0005,-2.0,9999.0,-1.0,-0.9584,9999.0,1000.0,0.2454,0.0248,0.0,0.0074,9999.0,0.2132,0.3959,0.0,0.171,-0.0099,0.465012299255257,0.391,0.9939,0.8934,9999.0,0.006,-2.0,-0.0248,0.3149,9999.0,9999.0,-0.9022092489132822,0.0,9999.0,0.0,0.1165,0.1636,-3.0,9999.0,0.0892,-0.114,0.4781,-0.0397,0.4312985870314568,9999.0,0.95,0.0,0.9937,0.0029,4.0,-0.9348,0.228,0.912738,-0.6693899720682976,9999.0
7,9999.0,0.7511489300399432,-2.0,-0.1765469659009499,0.0006,0.0,-0.0099,2.0,-3.0,9999.0,9999.0,0.5486842105263158,0.16592,0.0768,9999.0,9999.0,-0.1834,2.0,16.51,-1.0,9999.0,-0.0793,-3.0,9999.0,2.71,0.0124,0.1686,19.49,9999.0,0.7733978379164063,9999.0,0.0,0.802389,9999.0,-0.27,0.6339209606143562,0.001,0.876917,-0.2057,0.8397918225669415,9999.0,1.0,9999.0,0.0223,0.0003,-1.0,9999.0,-4.0,-0.9592,9999.0,1000.0,-0.1958,0.1215,0.0,0.062,9999.0,-0.1438,0.4164,0.0,-0.2033,-0.0099,0.6341353637627127,0.384,0.9958,0.893,9999.0,0.0042,5.0,0.1239,0.3426,9999.0,9999.0,-0.8977202214608,0.0,9999.0,9999.0,0.0074,-0.171,0.0,9999.0,-0.0198,0.1512,0.442,0.1562,0.4405660041133135,0.0,0.95,-1.0,0.9959,0.0022,-2.0,-0.9338,-0.238,0.893833,-0.6601327782346886,9999.0
8,9999.0,0.7540221431239451,-1.0,0.8397918225669415,0.0005,1.0,0.0124,5.0,-3.0,9999.0,9999.0,0.5954444444444444,0.112327,0.0074,9999.0,9999.0,-0.1115,0.0,17.54,-1.0,9999.0,-0.0273,-2.0,9999.0,1.48,-0.0521,0.0669,17.66,9999.0,0.7636833633836044,9999.0,0.0,0.803389,9999.0,-0.12,0.6455909854475244,0.0007,0.876917,-0.0843,0.8397918225669415,9999.0,-0.1570185732553319,9999.0,0.0174,0.0002,-1.0,9999.0,-3.0,-0.9582,9999.0,1000.0,-0.0917,0.0595,0.0,-0.005,9999.0,-0.0843,0.4277,0.0,-0.1091,-0.0149,-0.1820769978663783,0.377,0.996,0.9,0.0,0.004,2.0,0.0669,0.374,9999.0,9999.0,-0.9037092653689986,0.0,9999.0,9999.0,-0.0273,-0.0942,0.0,9999.0,0.0273,0.1363,0.4037,0.0446,0.4281466614213228,9999.0,0.95,-1.0,0.9962,0.0023,-2.0,-0.9416,-0.0917,0.913812,-0.6568489991457496,9999.0
9,9999.0,0.756538697576115,-2.0,0.8397918225669415,0.0006,0.0,-0.0099,2.0,-3.0,9999.0,9999.0,0.509578947368421,0.326301,0.0768,9999.0,9999.0,-0.1834,2.0,16.67,-1.0,9999.0,-0.0793,-3.0,9999.0,3.54,0.0124,0.1686,20.75,9999.0,0.7652585583931282,9999.0,0.0,0.803454,9999.0,-0.27,0.6437230295756641,0.0006,0.876917,-0.2057,-0.2526215822483578,9999.0,0.8397918225669415,9999.0,0.0223,0.0002,-1.0,9999.0,-4.0,-0.9582,9999.0,1000.0,-0.1958,0.1215,0.0,0.062,9999.0,-0.1438,0.4324,0.0,-0.2033,-0.0099,1.0,0.372,0.9961,0.901,9999.0,0.0039,5.0,0.1239,0.4051,9999.0,9999.0,-0.906086380407658,0.0,9999.0,9999.0,0.0074,-0.171,0.0,9999.0,-0.0198,0.1512,0.3717,0.1562,0.4230927454350273,0.0,0.95,-1.0,0.9963,0.0023,-2.0,-0.9428,-0.238,0.917557,-0.6539489269582416,9999.0
10,9999.0,0.7534486472001914,-1.0,-0.2526215822483578,0.0007,-2.0,0.0099,-2.0,0.0,9999.0,9999.0,0.3988823529411764,-2.419754,0.0595,9999.0,9999.0,0.238,-4.0,14.5,-1.0,0.0,0.2057,4.0,9999.0,6.22,0.1215,-0.0545,22.15,9999.0,0.7669411969203416,9999.0,0.0,0.804228,9999.0,-0.07,0.6417173836404885,0.0006,0.877168,0.2578,-0.1570185732553319,9999.0,0.3271022543084387,9999.0,-0.0992,0.0002,-3.0,9999.0,-1.0,-0.9606,9999.0,1000.0,0.2652,0.0099,0.0,-0.0074,9999.0,0.2528,0.4336,0.0,0.2528,-0.0223,-0.1570185732553319,0.371,0.9962,0.9004,9999.0,0.0038,-3.0,-0.0496,0.4256,9999.0,9999.0,-0.9022845109754964,0.0,9999.0,9999.0,0.1215,0.2057,-3.0,9999.0,0.1091,-0.1289,0.3311,-0.0694,0.4311411152438483,9999.0,0.95,-1.0,0.9965,0.0021,1.0,-0.9398,0.2702,0.936402,-0.657506757404212,9999.0
11,9999.0,0.7522999344381012,-1.0,-0.1570185732553319,0.001,1.0,0.0124,5.0,-3.0,9999.0,9999.0,0.5725,0.415444,0.0074,9999.0,9999.0,-0.1115,0.0,17.55,-1.0,9999.0,-0.0273,-2.0,9999.0,1.91,-0.0521,0.0669,18.78,9999.0,0.7741717410844068,9999.0,0.0,0.804769,9999.0,-0.12,0.6329756040372633,0.0008,0.877401,-0.0843,0.107858371488239,9999.0,-0.1570185732553319,9999.0,0.0174,0.0003,-1.0,9999.0,-3.0,-0.9642,9999.0,1000.0,-0.0917,0.0595,0.0,-0.005,9999.0,-0.0843,0.4337,0.0,-0.1091,-0.0149,0.8397918225669415,0.372,0.9943,0.8996,0.0,0.0056999999999999,2.0,0.0669,0.4292,9999.0,9999.0,-0.899405251566371,0.0,9999.0,9999.0,-0.0273,-0.0942,0.0,9999.0,0.0273,0.1363,0.3263,0.0446,0.437115766650933,9999.0,0.95,-1.0,0.9945,0.0033,-2.0,-0.9354,-0.0917,0.878021,-0.6588207712606129,9999.0
12,9999.0,0.7532190881467199,-2.0,0.107858371488239,0.0025,-1.0,-0.0297,-1.0,-2.0,9999.0,9999.0,0.4882608695652173,-0.149921,-0.0273,9999.0,9999.0,0.0644,-2.0,16.14,0.0,9999.0,0.0099,-1.0,0.0,2.08,-0.0471,-0.0446,18.05,9999.0,0.7689534235222644,9999.0,0.0,0.805504,9999.0,-0.76,0.6393048040280856,0.0015,0.87753,0.1016,0.3271022543084387,9999.0,0.1593638145779191,9999.0,-0.0074,0.0008,-1.0,9999.0,0.0,-0.9646,9999.0,1000.0,0.057,-0.0744,0.0,0.0223,9999.0,0.0694,0.43,0.0,0.1413,-0.0174,0.3271022543084387,0.38,0.989,0.8934,9999.0,0.011,-1.0,-0.0372,0.4864,9999.0,9999.0,-0.898257804261088,0.0,9999.0,9999.0,-0.0149,0.0793,-2.0,9999.0,-0.0471,-0.1016,0.3762,-0.0273,0.439468903432369,9999.0,0.95,4.0,0.9882,0.0069999999999999,0.0,-0.9288,0.0967,0.827857,-0.6577697205340359,9999.0
13,9999.0,0.7682835235935234,-1.0,0.3271022543084387,0.0062,-2.0,0.0099,-2.0,0.0,9999.0,9999.0,0.3928235294117647,-1.58358,0.0595,9999.0,9999.0,0.238,-4.0,12.76,-1.0,0.0,0.2057,4.0,9999.0,5.4,0.1215,-0.0545,20.0,9999.0,0.7677246300322628,9999.0,0.0,0.805933,9999.0,-0.07,0.6407799095179446,0.0034999999999999,0.877745,0.2578,-0.2526215822483578,9999.0,0.3271022543084387,9999.0,-0.0992,0.0017,-3.0,9999.0,-1.0,-0.9614,9999.0,1000.0,0.2652,0.0099,0.0,-0.0074,9999.0,0.2528,0.4208,0.0,0.2528,-0.0223,-0.1570185732553319,0.394,0.9805,0.88,9999.0,0.0194,-3.0,-0.0496,0.5665,9999.0,9999.0,-0.9075577295099808,0.0001,9999.0,9999.0,0.1215,0.2057,-3.0,9999.0,0.1091,-0.1289,0.4379,-0.0694,0.4199273361031507,9999.0,0.95,-1.0,0.9764,0.0121,1.0,-0.9186,0.2702,0.772852,-0.6401096994849554,9999.0
14,9999.0,0.7876882860079791,-2.0,-0.2526215822483578,0.0109,0.0,-0.0099,2.0,-3.0,9999.0,9999.0,0.604421052631579,0.533224,0.0768,9999.0,9999.0,-0.1834,2.0,13.66,-1.0,9999.0,-0.0793,-3.0,9999.0,3.04,0.0124,0.1686,17.79,9999.0,0.784235212544076,9999.0,0.0,0.806686,9999.0,-0.27,0.6204636422917525,0.0069,0.877745,-0.2057,0.1593638145779191,9999.0,0.6341353637627127,9999.0,0.0223,0.0039,-1.0,9999.0,-4.0,-0.9638,9999.0,1000.0,-0.1958,0.1215,0.0,0.062,9999.0,-0.1438,0.4262,0.0,-0.2033,-0.0099,0.1593638145779191,0.414,0.954,0.8698,9999.0,0.0458,5.0,0.1239,0.494,9999.0,9999.0,-0.9086539852997468,0.0002,9999.0,9999.0,0.0074,-0.171,0.0,9999.0,-0.0198,0.1512,0.3806,0.1562,0.4175499191700166,0.0,0.95,-1.0,0.9459,0.0321,-2.0,-0.906,-0.238,0.785576,-0.6160739923790096,9999.0
15,9999.0,0.861806272254755,-2.0,0.1593638145779191,0.0118,-1.0,-0.0297,-1.0,-2.0,9999.0,9999.0,0.7291304347826086,-0.305125,-0.0273,9999.0,9999.0,0.0644,-2.0,13.31,0.0,9999.0,0.0099,-1.0,0.0,1.12,-0.0471,-0.0446,13.96,9999.0,0.8118797831118008,9999.0,0.0,0.807041,9999.0,-0.76,0.583824646425907,0.013,0.877745,0.1016,0.2526455763199557,9999.0,0.5157106231293968,9999.0,-0.0074,0.0115,-1.0,9999.0,0.0,-0.9616,9999.0,1000.0,0.057,-0.0744,0.0,0.0223,9999.0,0.0694,0.4236,0.0,0.1413,-0.0174,0.3271022543084387,0.442,0.8549,0.8574,9999.0,0.1448,-1.0,-0.0372,0.4979,9999.0,9999.0,-0.9323238012155122,0.0003,9999.0,9999.0,-0.0149,0.0793,-2.0,9999.0,-0.0471,-0.1016,0.3939,-0.0273,0.3616245700820924,9999.0,0.95,4.0,0.8486,0.1148,0.0,-0.8958,0.0967,0.795638,-0.507237566730189,9999.0
16,9999.0,0.9934726889248268,-2.0,0.2526455763199557,0.0146,5.0,0.0099,1.0,-3.0,9999.0,9999.0,0.7104,-0.273223,0.0719,9999.0,9999.0,-0.1611,-2.0,12.04,-1.0,9999.0,0.0397,-2.0,9999.0,1.82,0.0,0.1363,14.38,9999.0,0.7763765217532659,9999.0,0.0,0.807731,9999.0,0.41,0.6302693840496306,0.0471,0.877745,-0.1264,0.3127008182276398,9999.0,0.2618759770494863,9999.0,-0.0198,0.0646,-2.0,9999.0,-3.0,-0.9474,9999.0,1000.0,-0.0644,0.1611,0.0,0.005,9999.0,-0.057,0.422,0.0,-0.114,0.0124,0.6341353637627127,0.47,0.5231,0.7316,9999.0,0.4749,0.0,0.1388,0.4979,9999.0,9999.0,-0.99805946865857,0.002,0.0,9999.0,0.0124,-0.0694,0.0,9999.0,0.1809,0.1735,0.3847,0.0644,0.0622679453729827,9999.0,0.95,-1.0,0.5228,0.3486,-2.0,-0.7842,-0.1487,0.81754,-0.1140702255651061,9999.0
17,9999.0,0.8986409711474661,-3.0,0.3127008182276398,0.0144,-2.0,0.0521,-2.0,-3.0,9999.0,0.0,0.666,0.210685,0.3346,9999.0,9999.0,-0.1239,-1.0,11.61,-2.0,9999.0,0.2256,-4.0,9999.0,3.45,0.3842,0.2553,16.6,9999.0,-0.8698395540619883,9999.0,0.0,0.80842,9999.0,-1.0,-0.4933347242889369,0.3788,0.877745,-0.0719,0.247582025133489,9999.0,0.5266937266207001,9999.0,-0.1537,0.1143,-2.0,9999.0,-2.0,-0.9542,9999.0,1000.0,0.1239,0.3445,0.0,0.0942,9999.0,0.1661,0.4194,0.0,-0.0149,0.2057,0.5157106231293968,0.496,0.0706,-0.8332,9999.0,0.9243,-2.0,0.1661,0.5493,9999.0,9999.0,0.9194101385805528,0.005,9999.0,9999.0,0.2429,0.1512,-2.0,9999.0,0.2429,0.0099,0.4282,0.1785,0.3933001361241673,9999.0,0.901075,0.0,0.0556,0.432,-3.0,0.7872,-0.1165,0.894269,0.4386848583837137,9999.0
18,9999.0,-0.2611784721543991,-2.0,0.247582025133489,0.026,-1.0,0.0174,-1.0,-2.0,0.0,9999.0,0.5963571428571428,0.544028,0.0818,9999.0,9999.0,0.005,-1.0,11.04,5.0,9999.0,0.0967,-1.0,9999.0,4.37,0.0892,0.0297,16.96,9999.0,0.797057226921588,9999.0,0.0,0.808245,9999.0,-0.46,-0.6039037812533287,0.616,0.877745,0.0074,0.3162277660168379,9999.0,0.6057340560268407,9999.0,-0.057,0.1567,-1.0,9999.0,-1.0,-0.9318,9999.0,1000.0,0.1859,0.0719,0.0,-0.0149,9999.0,0.1016,0.4259,0.0,0.0124,0.0099,0.2618759770494863,0.515,0.13,-0.8896,9999.0,0.8587,-1.0,-0.005,0.5456,9999.0,9999.0,-0.9999802608561372,0.0113,9999.0,9999.0,0.0644,0.1165,-2.0,9999.0,0.1041,-0.0446,0.4282,-0.0174,0.006283143965559,9999.0,0.901075,0.0,0.1093,0.0801,0.0,0.8214,0.0471,0.886183,0.9652905291584984,9999.0
19,9999.0,0.6593458151000688,-3.0,0.3162277660168379,0.0308,-2.0,0.0545,0.0,-3.0,9999.0,9999.0,0.633,0.47816,0.2875,9999.0,9999.0,-0.1859,6.0,12.65,-1.0,9999.0,0.0768,-4.0,9999.0,3.47,0.404,0.2132,17.33,0.0,0.9629745906442972,9999.0,0.0,0.807884,9999.0,-0.46,0.2695921693474208,0.535,0.877745,-0.2033,0.6036724982763437,9999.0,0.7297766039176755,9999.0,-0.0843,0.1096,-1.0,9999.0,-3.0,-0.927,9999.0,1000.0,-0.0322,0.2975,0.0,0.0669,9999.0,0.0248,0.4329,0.0,-0.1909,0.0843,0.5266937266207001,0.522,0.2636,-0.8812,9999.0,0.7288,2.0,0.114,0.5139,9999.0,9999.0,-0.9914903632068972,0.0075,9999.0,9999.0,0.2057,-0.0198,-1.0,9999.0,0.171,0.0843,0.3992,0.1537,0.1301801047313105,9999.0,0.901075,-2.0,0.2425,0.0749,-3.0,0.8084,-0.2355,0.861374,0.7518398074789774,9999.0
20,9999.0,0.8555450335836207,-2.0,0.6036724982763437,0.0371,-1.0,0.0223,0.0,-2.0,9999.0,9999.0,0.5741739130434783,0.318456,0.0471,9999.0,9999.0,-0.0521,0.0,12.78,1.0,9999.0,0.0223,-2.0,9999.0,4.51,0.0347,0.0322,18.53,9999.0,0.9858208566464725,9999.0,0.0,0.807584,9999.0,-0.71,-0.1678011877217062,0.2275,0.877745,-0.0322,0.6886948421153439,9999.0,0.5981569643648472,9999.0,-0.0198,0.0831,-1.0,9999.0,-1.0,-0.9372,9999.0,1000.0,0.0397,0.0545,0.0,0.0025,0.0,0.0372,0.435,0.0,-0.0124,0.0297,0.6057340560268407,0.508,0.5513,-0.715,9999.0,0.4448,0.0,0.0074,0.4979,9999.0,9999.0,-0.9457456346131168,0.0039,9999.0,9999.0,0.0248,0.0793,-1.0,9999.0,0.0521,0.0025,0.3847,0.0099,0.3249079786804763,9999.0,0.901075,1.0,0.5125,0.1361,-2.0,0.6522,-0.0397,0.805605,-0.5177283993663101,9999.0
21,9999.0,0.8192521397853463,-2.0,0.6886948421153439,0.0266999999999999,0.0,0.0719,0.0,-3.0,9999.0,9999.0,0.5756875,0.485919,0.2057,9999.0,9999.0,-0.1611,1.0,14.15,0.0,9999.0,0.1215,-3.0,9999.0,3.74,0.228,0.176,18.79,9999.0,0.8250148803678496,9999.0,0.0,0.80653,9999.0,-0.37,0.5651110042917433,0.1489,0.877436,-0.1462,0.1137147065368355,0.0,0.6433313339598155,9999.0,-0.0793,0.0407,-2.0,9999.0,-3.0,-0.949,9999.0,1000.0,0.0322,0.2801,0.0,0.0174,9999.0,0.0397,0.4376,0.0,-0.1314,0.0992,0.7297766039176755,0.488,0.7225,-0.058,9999.0,0.2752,0.0,0.1239,0.4979,9999.0,9999.0,-0.9313738763649,0.0022,9999.0,9999.0,0.1339,0.0322,1.0,9999.0,0.233,0.1512,0.3939,0.0917,0.3640641460306412,9999.0,0.901075,-2.0,0.6949,0.0866,-3.0,0.007,-0.1661,0.831736,-0.5734334586132305,9999.0
22,9999.0,0.7635706748694412,-2.0,0.1137147065368355,0.0121,-1.0,-0.0297,-1.0,-2.0,9999.0,9999.0,0.4683478260869565,-0.572343,-0.0273,9999.0,9999.0,0.0644,-2.0,14.1,0.0,9999.0,0.0099,-1.0,0.0,3.68,-0.0471,-0.0446,19.05,9999.0,0.8611859216380057,9999.0,0.0,0.805694,9999.0,-0.76,0.5082900828980423,0.0264,0.876597,0.1016,0.1593638145779191,9999.0,0.3271022543084387,9999.0,-0.0074,0.0084,-1.0,9999.0,0.0,-0.9512,9999.0,1000.0,0.057,-0.0744,0.0,0.0223,9999.0,0.0694,0.4401,0.0,0.1413,-0.0174,0.5981569643648472,0.465,0.9485,0.7938,9999.0,0.0512,-1.0,-0.0372,0.4831,9999.0,9999.0,-0.907337731674954,0.0003,9999.0,9999.0,-0.0149,0.0793,-2.0,9999.0,-0.0471,-0.1016,0.3762,-0.0273,0.4204024746346635,9999.0,0.95,4.0,0.936,0.0169,0.0,-0.8428,0.0967,0.821257,-0.6457242635052721,9999.0
23,9999.0,0.761764497661001,-2.0,0.1593638145779191,0.0067,0.0,-0.0099,2.0,-3.0,9999.0,9999.0,0.5727894736842105,0.495426,0.0768,9999.0,9999.0,-0.1834,2.0,16.12,-1.0,9999.0,-0.0793,-3.0,9999.0,2.65,0.0124,0.1686,19.07,9999.0,0.7801029240842681,9999.0,0.0,0.804729,9999.0,-0.27,0.6256512030158455,0.0093,0.876371,-0.2057,-0.2526215822483578,9999.0,0.6341353637627127,9999.0,0.0223,0.0026,-1.0,9999.0,-4.0,-0.9528,9999.0,1000.0,-0.1958,0.1215,0.0,0.062,9999.0,-0.1438,0.4417,0.0,-0.2033,-0.0099,0.6433313339598155,0.447,0.9801,0.8378,9999.0,0.0197,5.0,0.1239,0.4801,9999.0,9999.0,-0.9131190231965356,0.0002,9999.0,9999.0,0.0074,-0.171,0.0,9999.0,-0.0198,0.1512,0.3717,0.1562,0.407693082448801,0.0,0.95,-1.0,0.9735,0.0077,-2.0,-0.8852,-0.238,0.862379,-0.6478540345658756,9999.0
24,9999.0,0.7508031823754509,-1.0,-0.2526215822483578,0.0037,-2.0,0.0099,-2.0,0.0,9999.0,9999.0,0.4825882352941177,-1.521918,0.0595,9999.0,9999.0,0.238,-4.0,15.5,-1.0,0.0,0.2057,4.0,9999.0,3.94,0.1215,-0.0545,20.18,9999.0,0.7707356987759663,9999.0,0.0,0.803892,9999.0,-0.07,0.6371549910597288,0.0037,0.876312,0.2578,0.0286064783845311,9999.0,0.3271022543084387,9999.0,-0.0992,0.0011,-3.0,9999.0,-1.0,-0.9544,9999.0,1000.0,0.2652,0.0099,0.0,-0.0074,9999.0,0.2528,0.4643,0.0,0.2528,-0.0223,0.3271022543084387,0.434,0.9903,0.8656,9999.0,0.0096,-3.0,-0.0496,0.562,9999.0,9999.0,-0.9056428219842818,0.0001,9999.0,9999.0,0.1215,0.2057,-3.0,9999.0,0.1091,-0.1289,0.442,-0.0694,0.4240413647138053,9999.0,0.95,-1.0,0.9873,0.0040999999999999,1.0,-0.9112,0.2702,0.882126,-0.660525988387206,9999.0
25,9999.0,0.751379314082265,-2.0,0.0286064783845311,0.0017,5.0,0.0099,1.0,-3.0,9999.0,9999.0,0.5765777777777777,0.148084,0.0719,9999.0,9999.0,-0.1611,-2.0,16.86,-1.0,9999.0,0.0397,-2.0,9999.0,2.84,0.0,0.1363,20.06,9999.0,0.7706244825131597,9999.0,0.0,0.803249,9999.0,0.41,0.6372895001106834,0.002,0.87562,-0.1264,0.2526455763199557,9999.0,0.0724312355427551,9999.0,-0.0198,0.0006,-2.0,9999.0,-3.0,-0.9616,9999.0,1000.0,-0.0644,0.1611,0.0,0.005,9999.0,-0.057,0.4439,0.0,-0.114,0.0124,0.6341353637627127,0.428,0.9937,0.8838,9999.0,0.0062,0.0,0.1388,0.4652,9999.0,9999.0,-0.90039471984608,0.0,0.0,9999.0,0.0124,-0.0694,0.0,9999.0,0.1809,0.1735,0.363,0.0644,0.4350739574753918,9999.0,0.95,-1.0,0.9928,0.0029,-2.0,-0.9224,-0.1487,0.910086,-0.6598705375823845,9999.0
26,9999.0,0.7444280936634989,-2.0,0.2526455763199557,0.0009,-1.0,-0.0297,-1.0,-2.0,9999.0,9999.0,0.4544347826086956,-0.585463,-0.0273,9999.0,9999.0,0.0644,-2.0,16.53,0.0,9999.0,0.0099,-1.0,0.0,3.16,-0.0471,-0.0446,20.31,9999.0,0.7711803290138051,9999.0,0.0,0.802013,9999.0,-0.76,0.636616760808384,0.0011,0.875291,0.1016,0.1911273930269986,9999.0,0.1593638145779191,9999.0,-0.0074,0.0003,-1.0,9999.0,0.0,-0.9628,9999.0,1000.0,0.057,-0.0744,0.0,0.0223,9999.0,0.0694,0.4573,0.0,0.1413,-0.0174,0.3271022543084387,0.427,0.9958,0.894,9999.0,0.0042,-1.0,-0.0372,0.494,9999.0,9999.0,-0.89925261458776,0.0,9999.0,9999.0,-0.0149,0.0793,-2.0,9999.0,-0.0471,-0.1016,0.3939,-0.0273,0.4374296916729334,9999.0,0.95,4.0,0.9957,0.002,0.0,-0.9312,0.0967,0.921471,-0.6677026384286112,9999.0
27,9999.0,0.749649204093155,-1.0,0.1911273930269986,0.0006,-1.0,0.0124,0.0,0.0,9999.0,9999.0,0.5032432432432432,-0.285966,0.0174,9999.0,9999.0,0.1537,-3.0,17.3,-1.0,9999.0,0.1314,2.0,9999.0,3.06,0.0421,-0.0471,20.53,9999.0,0.7630068834719113,0.0,0.0,0.798655,9999.0,0.07,0.6463903586645466,0.0007,0.875093,0.1636,-0.2170188817646992,9999.0,0.1911273930269986,9999.0,-0.057,0.0002,-2.0,9999.0,-1.0,-0.9596,9999.0,1000.0,0.1884,-0.0124,0.0,-0.0273,9999.0,0.1586,0.4632,0.0,0.1438,-0.0223,0.0724312355427551,0.429,0.9967,0.8934,9999.0,0.0033,-2.0,-0.0347,0.5017,9999.0,9999.0,-0.9051982704125096,0.0,9999.0,9999.0,0.0595,0.1289,-2.0,9999.0,0.0719,-0.0644,0.3992,-0.0644,0.4249895189792346,9999.0,0.95,-1.0,0.9969,0.0016,1.0,-0.934,0.2157,0.937702,-0.6618353804402565,9999.0
28,9999.0,0.7521849370641115,-2.0,-0.2170188817646992,0.0004,0.0,-0.0099,2.0,-3.0,9999.0,9999.0,0.4969473684210526,0.551482,0.0768,9999.0,9999.0,-0.1834,2.0,16.94,-1.0,9999.0,-0.0793,-3.0,9999.0,3.39,0.0124,0.1686,20.76,9999.0,0.7704019795672431,9999.0,0.0,0.797752,9999.0,-0.27,0.637558459969651,0.0005,0.875015,-0.2057,0.1593638145779191,9999.0,0.774673510337773,9999.0,0.0223,0.0002,-1.0,9999.0,-4.0,-0.9574,9999.0,1000.0,-0.1958,0.1215,0.0,0.062,9999.0,-0.1438,0.4519,0.0,-0.2033,-0.0099,0.1593638145779191,0.436,0.9971,0.8918,9999.0,0.0029,5.0,0.1239,0.4864,9999.0,9999.0,-0.9013795528647912,0.0,9999.0,9999.0,0.0074,-0.171,0.0,9999.0,-0.0198,0.1512,0.4379,0.1562,0.4330299085251143,0.0,0.95,-1.0,0.9974,0.0015,-2.0,-0.9342,-0.238,0.928783,-0.658952062333717,9999.0
29,9999.0,0.7508031823754509,-2.0,0.1593638145779191,0.0004,-1.0,-0.0297,-1.0,-2.0,9999.0,9999.0,0.4438260869565217,-0.665649,-0.0273,9999.0,9999.0,0.0644,-2.0,16.2,0.0,9999.0,0.0099,-1.0,0.0,2.97,-0.0471,-0.0446,19.81,9999.0,0.7747238216503306,9999.0,0.0,0.797516,9999.0,-0.76,0.6322997708108922,0.0005,0.873959,0.1016,0.2738612787525831,9999.0,0.3271022543084387,9999.0,-0.0074,0.0002,-1.0,9999.0,0.0,-0.9576,9999.0,1000.0,0.057,-0.0744,0.0,0.0223,9999.0,0.0694,0.4421,0.0,0.1413,-0.0174,0.1911273930269986,0.445,0.9971,0.9,9999.0,0.0029,-1.0,-0.0372,0.4619,9999.0,9999.0,-0.8950122241805395,0.0,9999.0,9999.0,-0.0149,0.0793,-2.0,9999.0,-0.0471,-0.1016,0.4749,-0.0273,0.4460416108026287,9999.0,0.95,4.0,0.9974,0.0016,0.0,-0.9424,0.0967,0.93155,-0.660525988387206,9999.0
30,9999.0,0.7524149088957244,-2.0,0.2738612787525831,0.0006,2.0,0.0124,1.0,-3.0,9999.0,9999.0,0.5821000000000001,0.164508,0.0694,9999.0,9999.0,-0.1586,-1.0,16.83,-1.0,9999.0,0.005,-2.0,9999.0,2.18,-0.0099,0.1388,18.86,9999.0,0.7671651518152995,9999.0,0.0,0.794751,9999.0,0.07,0.6414496315691579,0.0005,0.873959,-0.1363,-0.0413449115297361,9999.0,1.0,9999.0,0.0,0.0002,-1.0,9999.0,-3.0,-0.9592,9999.0,1000.0,-0.1041,0.1487,0.0,0.0248,9999.0,-0.0768,0.4336,0.0,-0.1264,0.0099,0.774673510337773,0.456,0.9962,0.8962,9999.0,0.0038,1.0,0.1239,0.4292,9999.0,0.0,-0.9049756223482776,0.0,9999.0,9999.0,0.0074,-0.0917,-1.0,9999.0,0.0992,0.1785,0.5084,0.1016,0.4254634214069964,9999.0,0.95,-1.0,0.9965,0.0021,-2.0,-0.937,-0.1661,0.924583,-0.6586894601186805,9999.0
31,9999.0,0.7497647047397071,-1.0,-0.0413449115297361,0.001,-2.0,0.0099,-2.0,0.0,9999.0,9999.0,0.4939411764705882,-2.403912,0.0595,9999.0,9999.0,0.238,-4.0,15.28,-1.0,0.0,0.2057,4.0,9999.0,2.74,0.1215,-0.0545,18.37,9999.0,0.7673890132335108,9999.0,0.0,0.793435,9999.0,-0.07,0.6411818013391354,0.0008,0.873959,0.2578,-0.0413449115297361,9999.0,0.3271022543084387,9999.0,-0.0992,0.0003,-3.0,9999.0,-1.0,-0.9604,9999.0,1000.0,0.2652,0.0099,0.0,-0.0074,9999.0,0.2528,0.4314,0.0,0.2528,-0.0223,0.3271022543084387,0.47,0.9947,0.8948,9999.0,0.0053,-3.0,-0.0496,0.4087,9999.0,9999.0,-0.9000147033970147,0.0,9999.0,9999.0,0.1215,0.2057,-3.0,9999.0,0.1091,-0.1289,0.5412,-0.0694,0.4358595343332341,9999.0,0.95,-1.0,0.9948,0.0031,1.0,-0.9344,0.2702,0.92979,-0.6617045318921277,9999.0
32,9999.0,0.7589304586878314,-2.0,-0.0413449115297361,0.002,2.0,0.0124,1.0,-3.0,9999.0,9999.0,0.56615,0.061806,0.0694,9999.0,9999.0,-0.1586,-1.0,14.99,-1.0,9999.0,0.005,-2.0,9999.0,2.07,-0.0099,0.1388,17.16,9999.0,0.7704019795672431,9999.0,0.0,0.792643,9999.0,0.07,0.637558459969651,0.0015,0.873959,-0.1363,0.2738612787525831,9999.0,0.774673510337773,9999.0,0.0,0.0007,-1.0,9999.0,-3.0,-0.9596,9999.0,1000.0,-0.1041,0.1487,0.0,0.0248,9999.0,-0.0768,0.4324,0.0,-0.1264,0.0099,1.0,0.493,0.9907,0.8896,9999.0,0.0093,1.0,0.1239,0.3667,9999.0,0.0,-0.9016061632251742,0.0,9999.0,9999.0,0.0074,-0.0917,-1.0,9999.0,0.0992,0.1785,0.5762,0.1016,0.4325578879576474,9999.0,0.95,-1.0,0.9904,0.0055,-2.0,-0.93,-0.1661,0.915826,-0.6511716815678319,9999.0
33,9999.0,0.7670531860507087,-2.0,0.2738612787525831,0.0063,-1.0,-0.0297,-1.0,-2.0,9999.0,9999.0,0.4732173913043478,-0.710892,-0.0273,9999.0,9999.0,0.0644,-2.0,12.5,0.0,9999.0,0.0099,-1.0,0.0,2.42,-0.0471,-0.0446,15.94,9999.0,0.777255786748541,9999.0,0.0,0.792329,9999.0,-0.76,0.6291847439074684,0.0036,0.873959,0.1016,0.1593638145779191,9999.0,0.3630763239452583,9999.0,-0.0074,0.0018,-1.0,9999.0,0.0,-0.9566,9999.0,1000.0,0.057,-0.0744,0.0,0.0223,9999.0,0.0694,0.4289,0.0,0.1413,-0.0174,0.3271022543084387,0.524,0.9775,0.8828,9999.0,0.0224,-1.0,-0.0372,0.3631,9999.0,9999.0,-0.90039471984608,0.0001,9999.0,9999.0,-0.0149,0.0793,-2.0,9999.0,-0.0471,-0.1016,0.6412,-0.0273,0.4350739574753918,9999.0,0.95,4.0,0.9738,0.0144,0.0,-0.926,0.0967,0.881674,-0.6415835173766988,9999.0
34,9999.0,0.7964243834407977,-2.0,0.1593638145779191,0.0121999999999999,0.0,-0.0099,2.0,-3.0,9999.0,9999.0,0.6361578947368421,0.266081,0.0768,9999.0,9999.0,-0.1834,2.0,11.98,-1.0,9999.0,-0.0793,-3.0,9999.0,1.65,0.0124,0.1686,14.02,9999.0,0.78130264974832,9999.0,0.0,0.790143,9999.0,-0.27,0.6241523608032369,0.0069999999999999,0.873959,-0.2057,-0.2351778943168525,9999.0,0.8397918225669415,9999.0,0.0223,0.0044,-1.0,9999.0,-4.0,-0.9552,9999.0,1000.0,-0.1958,0.1215,0.0,0.062,9999.0,-0.1438,0.4195,0.0,-0.2033,-0.0099,0.774673510337773,0.567,0.9367,0.8742,9999.0,0.0632,5.0,0.1239,0.3249,9999.0,9999.0,-0.9193414807542452,0.0001,9999.0,9999.0,0.0074,-0.171,0.0,9999.0,-0.0198,0.1512,0.6756,0.1562,0.3934605974739935,0.0,0.95,-1.0,0.9298,0.0465,-2.0,-0.919,-0.238,0.914138,-0.6047381263496996,9999.0
35,9999.0,0.8575266561936522,-1.0,-0.2351778943168525,0.0128,-3.0,0.0223,-3.0,0.0,9999.0,9999.0,0.7033714285714285,-1.444113,0.1537,9999.0,9999.0,0.2355,-3.0,10.01,-1.0,9999.0,0.2553,2.0,9999.0,1.46,0.2578,0.0025,12.08,9999.0,0.780757676632969,9999.0,0.0,0.789976,9999.0,-0.07,0.6248339382417445,0.0227,0.873676,0.2157,-0.2533723166886973,9999.0,-0.1347150628109126,9999.0,-0.1388,0.0148,-3.0,9999.0,-1.0,-0.954,9999.0,1000.0,0.3173,0.0868,0.0,0.0198,9999.0,0.3049,0.4277,0.0,0.2231,0.0074,0.3630763239452583,0.616,0.8321999999999999,0.8708,9999.0,0.1674,-3.0,-0.0248,0.4017,0.0,9999.0,-0.941470544812038,0.0004,9999.0,9999.0,0.2008,0.2404,-3.0,9999.0,0.1611,-0.1462,0.7688,-0.0322,0.3370952584230821,9999.0,0.95,-1.0,0.8271,0.1221,3.0,-0.9166,0.2603,0.905352,-0.5144395337815064,9999.0
36,9999.0,0.9770827403702927,-1.0,-0.2533723166886973,0.0108,1.0,0.0124,5.0,-3.0,9999.0,9999.0,0.7685000000000001,0.218226,0.0074,9999.0,9999.0,-0.1115,0.0,9.19,-1.0,9999.0,-0.0273,-2.0,9999.0,1.2,-0.0521,0.0669,11.05,9999.0,0.8214479214839504,9999.0,0.0,0.789239,9999.0,-0.12,0.5702835367514107,0.2045,0.873283,-0.0843,0.7975322515783875,9999.0,0.0,9999.0,0.0174,0.0118,-1.0,9999.0,-3.0,-0.9508,9999.0,1000.0,-0.0917,0.0595,0.0,-0.005,9999.0,-0.0843,0.4236,0.0,-0.1091,-0.0149,0.8397918225669415,0.675,0.5136999999999999,0.774,0.0,0.4845,2.0,0.0669,0.3948,9999.0,9999.0,-0.9858501284635584,0.0019,9999.0,9999.0,-0.0273,-0.0942,0.0,9999.0,0.0273,0.1363,0.82,0.0446,0.1676291269689885,9999.0,0.95,-1.0,0.5283,0.2428,-2.0,-0.8232,-0.0917,0.88356,-0.2128598564090446,9999.0
37,9999.0,0.5552799615309233,-2.0,0.7975322515783875,0.0,2.0,0.0124,1.0,-3.0,9999.0,9999.0,0.7397499999999999,0.013007,0.0694,9999.0,9999.0,-0.1586,-1.0,10.88,-1.0,9999.0,0.005,-2.0,9999.0,2.42,-0.0099,0.1388,14.79,9999.0,0.9947386378799532,9999.0,0.0,0.788202,9999.0,0.07,-0.1024453137470674,0.9965,0.872863,-0.1363,0.0,9999.0,0.0,9999.0,0.0,0.0008,-1.0,9999.0,-3.0,-0.9556,9999.0,1000.0,-0.1041,0.1487,0.0,0.0248,9999.0,-0.0768,0.4178,0.0,-0.1264,0.0099,-0.1347150628109126,0.711,0.0006,0.2786,9999.0,0.9993,1.0,0.1239,0.391,9999.0,0.0,-0.9691449269510164,0.0001,9999.0,9999.0,0.0074,-0.0917,-1.0,9999.0,0.0992,0.1785,0.8677,0.1016,0.2464916034373358,9999.0,0.95,-1.0,0.0005,0.002,-2.0,-0.323,-0.1661,0.913314,0.8316634922384272,9999.0
