Target,Opa_PROMISS,Dis_BG(5),Spot_HH_12,Dis_BG(8),Spot_HH_27,Spot_HH_29,Spot_HH_3,Dis_PP(6),Dis_BG(15),cncc(3),Spot_HSEa-d,Dis_BG(9),Spot_HH_22,Spot_PSSMS_7,Spot_HH_30,Spot_PSSMS_4,Dis_BG(3),Spot_P(3-C),Spot_PSSMS_20,Spot_HH_9,Opa_OPAL,Spot_ASA,Dis_PP(3),Dis_BG(6),Spot_PSSMS_14,Spot_HH_11,Dis_BG(12),Dis_BG(7),Spot_HSEa-u,Spot_HH_8,Spot_HH_28,Dis_MG(1),Spot_HH_18,Dis_BG(2),Spot_HH_17,Spot_PSSMS_10,Spot_P(8-B),Spot_tau,Spot_HH_14,Spot_CN13,Spot_HH_7,Dis_BG(10),IUPRED2_long,Spot_PSSMS_3,Spot_HH_10,Spot_phi_c,Dis_BG(1),Dis_BG(11),Dis_SVM_Probability,ANCHOR2,cncc(2),Spot_HH_23,cncc(0),Spot_HH_15,Dis_BG(4),Spot_theta_c,Spot_P(8-S),Spot_theta,Dis_BG(18),Spot_P(8-I),Dis_BG(19),Dis_PP(7),Dis_t(1),Dis_PP(2),Dis_SS(1),Dis_SS(2),Spot_PSSMS_2,Dis_BG(13),Spot_P(8-E),Spot_psi_c,Spot_P(8-H),Spot_PSSMS_6,Spot_HH_13,Spot_P(3-H),Spot_HH_19,Spot_HH_6,Dis_BG(20),Spot_HH_5,Spot_HH_16,IUPRED2_short,Spot_phi,Spot_HH_2,Spot_P(8-C),Dis_BG(14),Dis_SS(3),Spot_P(3-E),Spot_HH_21,Dis_BG(17),Dis_BG(16),cncc(1),Dis_PP(1),Opa_MoRFchibi,Spot_HH_1,Spot_PSSMS_8,Spot_HH_4,Spot_P(8-T)
0,0.793421,0.0545,9999.0,0.2107,9999.0,0.0,9999.0,-0.03,0.1091,0.5189665535907825,15.52,0.0768,9999.0,-3.0,0.0,-3.0,0.0397,0.9932,4.0,9999.0,0.763027,0.2429677419354838,-0.26,0.0397,-1.0,9999.0,0.0545,-0.0025,16.04,9999.0,2253.0,-0.0967,424.0,0.1512,9999.0,3.0,0.0006,-0.2373468155067785,9999.0,31.55,9999.0,0.2107,0.0013,-3.0,2525.0,-0.3204476663227463,0.0347,0.2454,0.84239,0.0,-0.0114422168192934,9999.0,0.0,9999.0,0.0,-0.5324331373397442,0.0012,0.8464720634861833,0.3669,0.0,0.2181,1.0,-1.0,-0.32,-0.8626,0.7526,-3.0,0.1785,0.0038,-0.7448940565916221,0.0001,-2.0,9999.0,0.0003,9999.0,9999.0,0.1636,9999.0,9999.0,0.2786,-0.9472662208420112,9999.0,0.9939,0.295,-0.89,0.0065,0.0,0.0992,0.0322,0.0,0.75,0.73549,3630.0,-3.0,9999.0,0.0004
1,0.800092,0.0099,9999.0,-0.0248,9999.0,0.0,9999.0,-0.52,-0.0223,0.4426391800221008,19.11,0.005,9999.0,-1.0,0.0,-1.0,0.0099,0.8653,-2.0,9999.0,0.763027,0.3387826086956522,-0.6,0.0273,-3.0,9999.0,0.0149,-0.0223,6.83,9999.0,2253.0,-0.0074,9999.0,0.0273,3630.0,-2.0,0.036,-0.5557153433806964,9999.0,26.87,9999.0,0.0174,0.002,0.0,9999.0,-0.1236014767404924,-0.0198,0.0273,0.853029,0.0,0.2724297181645101,9999.0,0.0,9999.0,-0.0174,-0.5986042544564726,0.0132,0.801044909194616,0.0099,0.0,0.0074,-0.24,-0.8,-0.71,-0.7152,0.5746,-1.0,0.0198,0.0387,-0.9614538928450708,0.0356,0.0,9999.0,0.0554,9999.0,491.0,0.0223,9999.0,2266.0,0.2167,-0.9923319378854888,9999.0,0.8418000000000001,0.0223,-0.8594,0.0793,0.0,0.0273,-0.0174,-0.0114422168192934,-0.37,0.73568,9999.0,2.0,9999.0,0.0192
2,0.800372,-0.4487,9999.0,-0.005,9999.0,0.0,9999.0,-0.72,0.1859,0.026223696074209,11.58,-0.0397,9999.0,-4.0,0.0,-4.0,-0.0248,0.3603,-1.0,9999.0,0.76425,0.3867407407407408,-0.4,0.0992,-3.0,9999.0,0.062,0.2925,14.27,9999.0,2253.0,-0.0099,9999.0,0.0496,9999.0,-1.0,0.0085,-0.9565086368562778,9999.0,25.97,9999.0,0.0446,0.0028,-3.0,9999.0,0.466077834921903,-0.0397,0.0174,0.852983,0.0,-0.1675154807192886,9999.0,0.5189665535907825,9999.0,0.176,-0.0436193873653358,0.0762999999999999,0.9990482215818578,0.0372,0.0002,0.0124,0.53,-0.6,-0.37,-0.853,0.476,-4.0,0.0273,0.0209,0.8567175188650497,0.1035,-3.0,9999.0,0.6076,9999.0,9999.0,0.0347,9999.0,9999.0,0.1698,-0.8847437209692485,0.0,0.1519,0.0,-0.623,0.032,0.0,0.0372,0.0347,0.2724297181645101,-0.16,0.736298,9999.0,-3.0,9999.0,0.1489
3,0.802177,0.0297,9999.0,0.0372,9999.0,1125.0,9999.0,1.0,0.0297,-0.1675154807192886,16.96,0.1487,2525.0,5.0,0.0,2.0,0.1041,0.3628,-3.0,9999.0,0.764678,0.7718421052631579,-0.06,-0.0074,-3.0,9999.0,0.005,-0.0669,1.66,9999.0,2253.0,-0.0248,9999.0,0.0421,9999.0,-3.0,0.0095,0.8797315715528858,9999.0,18.57,9999.0,-0.0521,0.0036,0.0,9999.0,0.3526583803743284,-0.0223,-0.0149,0.855745,0.0,0.8362344535692452,9999.0,0.4426391800221008,9999.0,0.0273,-0.0310618635640874,0.0726,0.9995174638954168,0.0223,0.0016,0.0669,-0.65,-0.4,-0.27,-0.9146,0.4884,0.0,0.0,0.0173,0.910755747259856,0.1113,2.0,9999.0,0.6082,9999.0,2525.0,-0.0372,9999.0,9999.0,0.124,-0.9357521395924006,9999.0,0.0778,0.0595,-0.5738,0.0289999999999999,275.0,-0.0372,-0.0174,-0.1675154807192886,-0.26,0.736298,3654.0,-2.0,421.0,0.2192
4,0.802507,0.0644,9999.0,0.0892,9999.0,0.0,1500.0,-0.17,0.0074,0.4446345583408636,16.06,0.1462,9999.0,2.0,0.0,6.0,0.1537,0.3425999999999999,-3.0,9999.0,0.764678,0.6012666666666666,-0.31,-0.0124,-4.0,9999.0,0.0397,-0.0694,4.31,9999.0,2253.0,-0.0496,9999.0,0.0644,9999.0,-3.0,0.0089,0.7226053016388033,9999.0,21.25,9999.0,0.0099,0.0044,1.0,9999.0,-0.044665564108286,-0.0273,0.0372,0.84425,0.0,0.026223696074209,9999.0,0.026223696074209,9999.0,0.0198,-0.1393459332222296,0.0791,0.9902437633706288,0.1091,0.0012,0.1115,-0.71,-0.2,-0.46,-0.9388,0.4654,-2.0,0.0496,0.0179,0.9973780098510718,0.1183,0.0,9999.0,0.6274000000000001,9999.0,9999.0,0.0149,9999.0,9999.0,0.0813,-0.999001995685138,9999.0,0.0911,0.1239,-0.5266,0.0299,0.0,-0.0149,-0.0099,0.8362344535692452,-0.24,0.736298,9999.0,-1.0,629.0,0.1884
5,0.804467,-0.4487,9999.0,-0.005,9999.0,0.0,9999.0,-0.72,0.1859,-0.1651816467419753,9.04,-0.0397,9999.0,-4.0,0.0,-4.0,-0.0248,0.8726,-1.0,9999.0,0.764678,0.1593333333333333,-0.4,0.0992,-3.0,9999.0,0.062,0.2925,18.65,9999.0,2253.0,-0.0099,9999.0,0.0496,9999.0,-1.0,0.0065,0.9885202717463524,9999.0,26.52,9999.0,0.0446,0.0054,-3.0,9999.0,0.0768930454908617,-0.0397,0.0174,0.875024,0.0,0.2190231719583832,9999.0,-0.1675154807192886,9999.0,0.176,-0.362112684089851,0.2576,0.9321343272411138,0.0372,0.0,0.0124,0.53,0.0,-0.37,-0.9452,0.7068,-4.0,0.0273,0.0033,-0.4809887689193874,0.1031,-3.0,9999.0,0.1161,9999.0,9999.0,0.0347,9999.0,9999.0,0.0567,-0.997039347044609,0.0,0.6007,0.0,-0.7618,0.0112,0.0,0.0372,0.0347,0.026223696074209,-0.16,0.73568,9999.0,-3.0,9999.0,0.0173
6,0.804587,-0.0768,9999.0,0.0818,9999.0,0.0,9999.0,-1.0,0.0496,0.2065730229074054,15.44,0.0917,9999.0,-1.0,0.0,-2.0,0.0223,0.4547,-3.0,9999.0,0.766874,0.4277931034482758,-0.33,0.0248,-4.0,9999.0,0.0124,0.0644,6.79,9999.0,2253.0,-0.0892,9999.0,0.1066,9999.0,-3.0,0.0049,-0.9485449445269376,9999.0,23.67,9999.0,0.2429,0.0062,-2.0,9999.0,0.4167568100892047,-0.0099,0.2305,0.909269,0.0,0.4299364837156836,9999.0,0.4446345583408636,2525.0,0.0644,-0.2670701867670277,0.0475999999999999,0.9636770804269577,0.2826,0.0001,0.2132,0.12,0.0,-1.0,-0.954,-0.1042,-2.0,0.1859,0.0067,-0.821945274905933,0.384,-1.0,275.0,0.5337,9999.0,9999.0,0.1834,9999.0,9999.0,0.0376,-0.9090180203077772,9999.0,0.3055,0.2727,0.0582,0.0115,0.0,0.0149,-0.0521,0.2190231719583832,0.27,0.73093,9999.0,-2.0,9999.0,0.106
7,0.804587,0.0297,9999.0,0.0372,9999.0,0.0,9999.0,1.0,0.0297,-0.1651816467419753,17.14,0.1487,9999.0,5.0,0.0,3.0,0.1041,0.3162,-3.0,2071.0,0.766921,0.7143684210526315,-0.06,-0.0074,-4.0,1544.0,0.005,-0.0669,2.33,9999.0,2253.0,-0.0248,3928.0,0.0421,9999.0,-3.0,0.0074,-0.9884674717597688,9999.0,19.56,9999.0,-0.0521,0.0072,0.0,9999.0,0.4037049807925023,-0.0223,-0.0149,0.903488,0.0,0.4586336529150547,9999.0,-0.1651816467419753,9999.0,0.0273,-0.0852430267782232,0.0581,0.9963601890810808,0.0223,0.0022,0.0669,-0.65,0.0,-0.27,-0.957,-0.5186,0.0,0.0,0.0141,0.849432513747908,0.4246999999999999,2.0,3604.0,0.6628000000000001,9999.0,9999.0,-0.0372,9999.0,9999.0,0.0252,-0.914889221973527,9999.0,0.0816,0.0595,0.4756,0.021,0.0,-0.0372,-0.0174,0.4299364837156836,-0.26,0.72884,9999.0,-2.0,1882.0,0.1693
8,0.804587,0.2206,9999.0,0.1165,9999.0,0.0,9999.0,-0.03,0.0372,0.1635660858707782,14.75,0.0719,9999.0,0.0,0.0,-1.0,0.0248,0.2706,-3.0,9999.0,0.769094,0.4706153846153846,0.15,-0.0397,-1.0,9999.0,-0.0397,-0.0868,6.57,9999.0,2253.0,-0.0818,9999.0,0.0297,9999.0,-4.0,0.0127,0.7632324697825289,9999.0,22.52,395.0,0.1289,0.0033,1.0,9999.0,0.2535891206503652,0.0372,0.1686,0.883248,0.0,-0.0673403218131522,9999.0,0.2065730229074054,9999.0,-0.005,-0.1083463732709422,0.0537,0.9941132045189992,0.233,0.0038,0.1462,-0.12,0.0,0.12,-0.9536,-0.7354,0.0,0.1016,0.0264,0.948101903684032,0.4392,0.0,9999.0,0.6901,9999.0,9999.0,0.1066,9999.0,9999.0,0.0026,-0.9673120271596826,9999.0,0.0848,0.2082,0.689,0.0394,0.0,0.0149,-0.0248,0.4586336529150547,0.43,0.727795,9999.0,-2.0,9999.0,0.1326
9,0.804587,-0.4487,9999.0,-0.005,9999.0,0.0,9999.0,-0.72,0.1859,0.2389092412837483,9.53,-0.0397,9999.0,-4.0,0.0,-4.0,-0.0248,0.3671,-1.0,9999.0,0.769881,0.1955555555555555,-0.4,0.0992,-3.0,9999.0,0.062,0.2925,14.92,9999.0,2253.0,-0.0099,9999.0,0.0496,9999.0,-1.0,0.0285,0.8723253929315788,9999.0,24.4,9999.0,0.0446,0.0042,-3.0,9999.0,0.0735863210847432,-0.0397,0.0174,0.881183,0.0,0.2750588605936128,9999.0,-0.1651816467419753,9999.0,0.176,-0.1721010316722415,0.0766,0.9850793038620546,0.0372,0.0023,0.0124,0.53,0.0,-0.37,-0.947,-0.7024,-4.0,0.0273,0.0428,0.9924179861623914,0.3789,-3.0,9999.0,0.5581,9999.0,9999.0,0.0347,9999.0,9999.0,0.0013,-0.9972888515115432,0.0,0.1985,0.0,0.6494,0.0747,0.0,0.0372,0.0347,-0.0673403218131522,-0.16,0.727272,9999.0,-3.0,9999.0,0.1142
10,0.804587,0.0099,9999.0,-0.0248,9999.0,0.0,9999.0,-0.52,-0.0223,0.455749833516708,14.24,0.005,9999.0,0.0,0.0,-1.0,0.0099,0.6154,-1.0,780.0,0.770011,0.6478260869565218,-0.6,0.0273,-3.0,9999.0,0.0149,-0.0223,3.84,9999.0,2253.0,-0.0074,9999.0,0.0273,9999.0,-2.0,0.0133,0.9929241168305712,9999.0,19.22,9999.0,0.0174,0.0047,0.0,9999.0,0.346117057077493,-0.0198,0.0273,0.855419,0.0,0.6870727512550919,9999.0,0.1635660858707782,9999.0,-0.0174,-0.0835039212450469,0.1382,0.9965074486107472,0.0099,0.0018,0.0074,-0.24,0.0,-0.71,-0.9498,-0.705,-1.0,0.0198,0.0168,0.8914814532921188,0.2753,0.0,9999.0,0.3540999999999999,9999.0,9999.0,0.0223,9999.0,1973.0,0.0009,-0.9381913359224842,9999.0,0.1559,0.0223,0.6548,0.0305,0.0,0.0273,-0.0174,0.2750588605936128,-0.37,0.715635,2617.0,0.0,9999.0,0.3283
11,0.804972,0.0025,9999.0,0.0595,9999.0,0.0,9999.0,-0.45,0.0273,0.4428571428571428,13.56,0.0397,9999.0,0.0,0.0,-1.0,0.0248,0.7069,0.0,9999.0,0.770289,0.6870714285714286,-0.36,0.0719,-2.0,9999.0,0.0397,0.0174,1.98,9999.0,2253.0,-0.0372,9999.0,0.0719,1792.0,-1.0,0.0093999999999999,0.7736190709530248,3947.0,15.71,9999.0,0.0545,0.0052,0.0,9999.0,0.0516387686100565,0.0,0.0843,0.807031,0.0,0.5368754921931593,9999.0,0.2389092412837483,9999.0,0.0124,-0.1733044043388749,0.2128,0.984868307661866,0.1314,0.0012,0.0719,0.24,0.0,-0.46,-0.958,-0.765,-1.0,0.0644,0.0081999999999999,0.9829995003990384,0.2066,2.0,9999.0,0.276,9999.0,1081.0,0.0496,9999.0,2525.0,0.0012,-0.9986658287817988,9999.0,0.1169999999999999,0.0967,0.723,0.0171,0.0,0.0347,0.005,0.6870727512550919,0.45,0.711882,9999.0,-2.0,9999.0,0.3868999999999999
12,0.804972,0.0322,9999.0,0.0347,9999.0,0.0,9999.0,0.59,-0.0025,0.5416144301395509,11.18,0.0793,9999.0,2.0,0.0,0.0,0.062,0.8170999999999999,-2.0,457.0,0.771504,0.6300555555555556,-0.02,0.0347,-3.0,9999.0,0.0372,-0.0471,5.52,9999.0,2253.0,-0.0198,9999.0,0.0744,9999.0,-3.0,0.0091,-0.0073303172094605,1882.0,18.09,9999.0,-0.0297,0.0052,0.0,9999.0,0.1291417472614699,0.0174,0.0099,0.696245,0.0,0.7888782742430096,9999.0,0.455749833516708,9999.0,-0.0025,-0.1681452938873515,0.2962,0.9857622229237312,0.0297,0.0004,0.0397,-0.41,0.0,-0.12,-0.9594,-0.7134,1.0,0.0124,0.0074,0.9996101150403544,0.0958,5.0,9999.0,0.1675,9999.0,9999.0,-0.0198,9999.0,9999.0,0.0009,-0.9916261438234948,9999.0,0.1499,0.0421,0.6728,0.0153,0.0,-0.0223,-0.0149,0.5368754921931593,-0.26,0.70699,9999.0,-2.0,9999.0,0.3793999999999999
13,0.804972,0.2479,1702.0,0.0347,9999.0,0.0,3604.0,0.31,-0.0347,0.728489724643776,15.12,0.0198,9999.0,1.0,0.0,2.0,-0.0099,0.8903,-3.0,1993.0,0.771568,0.7909999999999999,0.18,-0.0421,-3.0,2882.0,-0.0545,-0.1289,1.84,9999.0,2253.0,-0.0273,9999.0,-0.0273,9999.0,-3.0,0.0087,-0.8894961383826188,4329.0,17.43,9999.0,0.0297,0.0051,3.0,9999.0,0.2808342222703693,0.0644,0.0595,0.543576,0.0,0.4268113742004445,9999.0,0.4428571428571428,9999.0,-0.0843,-0.1545379524186172,0.1737,0.9879868527780424,0.062,0.0,0.0347,-0.29,0.0,0.07,-0.9548,-0.7694,1.0,0.0223,0.0168,0.9112595755029622,0.0223,1.0,9999.0,0.0821,9999.0,9999.0,0.0372,9999.0,9999.0,0.001,-0.959756291775051,9999.0,0.3268,0.062,0.7244,0.0276,0.0,-0.0074,-0.0198,0.7888782742430096,-0.1,0.702905,9999.0,-1.0,2525.0,0.3956
14,0.804587,-0.0967,9999.0,0.0124,9999.0,0.0,9999.0,1.0,0.0223,0.8595334863794721,10.26,0.0149,9999.0,0.0,0.0,-2.0,-0.005,0.8011,0.0,9999.0,0.771792,0.2987826086956521,-0.75,0.057,-3.0,9999.0,0.0793,0.0223,13.37,9999.0,2253.0,-0.0198,9999.0,0.1314,9999.0,-2.0,0.0206,0.819552276527134,3604.0,23.98,9999.0,0.0496,0.0047,-1.0,9999.0,-0.0708010819355254,-0.005,0.0644,0.489823,0.0,0.420772123990966,9999.0,0.5416144301395509,9999.0,-0.0347,-0.4611292503784112,0.2214999999999999,0.8873329783375824,0.0768,0.0001,0.0496,-0.53,0.0,-0.76,-0.9486,-0.781,-1.0,0.0644,0.1015,-0.7831511052909443,0.0125,2.0,9999.0,0.0708,9999.0,9999.0,0.0446,9999.0,3960.0,0.0008,-0.9974904544890436,9999.0,0.4496,0.0669,0.7296,0.1282,0.0,0.0347,-0.0074,0.4268113742004445,0.0,0.715445,229.0,0.0,9999.0,0.1341
15,0.803122,0.0322,4337.0,0.0347,9999.0,0.0,9999.0,0.59,-0.0025,0.8473990242990481,19.92,0.0793,9999.0,0.0,0.0,-2.0,0.062,0.5882000000000001,-3.0,2431.0,0.771593,0.6631111111111111,-0.02,0.0347,-3.0,9999.0,0.0372,-0.0471,3.28,3960.0,2253.0,-0.0198,4381.0,0.0744,9999.0,-3.0,0.0168,-0.6865800985957727,3998.0,23.37,9999.0,-0.0297,0.0018,0.0,2993.0,-0.0158818284652039,0.0174,0.0099,0.442926,0.0,0.1414213562373095,9999.0,0.728489724643776,1781.0,-0.0025,-0.3250730374831105,0.099,0.9456889130689352,0.0297,0.0,0.0397,-0.41,0.0,-0.12,-0.941,-0.7526,6.0,0.0124,0.3618,-0.2870261592258036,0.0078,2.0,9999.0,0.0378,9999.0,2525.0,-0.0198,9999.0,9999.0,0.0002,-0.9998738758086452,9999.0,0.4253,0.0421,0.6936,0.374,0.0,-0.0223,-0.0149,0.420772123990966,-0.26,0.715445,9999.0,-2.0,9999.0,0.0591
16,0.802948,-0.0967,9999.0,0.0124,9999.0,0.0,9999.0,1.0,0.0223,0.5757663148492351,10.24,0.0149,9999.0,-1.0,0.0,-2.0,-0.005,0.4857,0.0,9999.0,0.771504,0.2722608695652174,-0.75,0.057,-2.0,9999.0,0.0793,0.0223,18.45,9999.0,2253.0,-0.0198,9999.0,0.1314,9999.0,-1.0,0.0032,-0.4232508808966093,9999.0,27.55,9999.0,0.0496,0.0046,-2.0,9999.0,-0.0500700049328487,-0.005,0.0644,0.582069,0.0,0.252996229613371,9999.0,0.8595334863794721,9999.0,-0.0347,-0.5139904633765386,0.0216,0.8577958985434536,0.0768,0.0,0.0496,-0.53,0.0,-0.76,-0.9286,-0.6514,-2.0,0.0644,0.5251,-0.8075783503741542,0.0005,-1.0,1081.0,0.002,9999.0,9999.0,0.0446,9999.0,2525.0,0.0008,-0.998745710682166,9999.0,0.4464,0.0669,0.58,0.5122,0.0,0.0347,-0.0074,0.1414213562373095,0.0,0.715445,1500.0,0.0,9999.0,0.0021
17,0.802948,0.2479,9999.0,0.0347,9999.0,0.0,9999.0,0.31,-0.0347,0.625912839392346,20.79,0.0198,9999.0,1.0,0.0,-1.0,-0.0099,0.045,-2.0,1500.0,0.770981,0.5566,0.18,-0.0421,-3.0,9999.0,-0.0545,-0.1289,3.48,9999.0,2253.0,-0.0273,9999.0,-0.0273,1081.0,-3.0,0.0046,-0.1560896872461606,9999.0,24.8,9999.0,0.0297,0.0046,0.0,9999.0,-0.6557955456850312,0.0644,0.0595,0.751319,0.0,-0.0418181933383468,9999.0,0.8473990242990481,9999.0,-0.0843,-0.639036349704162,0.0032,0.7691765361454937,0.062,0.0,0.0347,-0.29,0.0,0.07,-0.8884,-0.216,2.0,0.0223,0.9484,-0.8858799216460879,0.0003,1.0,9999.0,0.0006,9999.0,9999.0,0.0372,2525.0,9999.0,0.0008,-0.7549385420414514,9999.0,0.0425,0.062,0.1044,0.9543,0.0,-0.0074,-0.0198,0.252996229613371,-0.1,0.715445,9999.0,-2.0,9999.0,0.0006
18,0.802948,-0.4487,9999.0,-0.005,9999.0,0.0,9999.0,-0.72,0.1859,-0.0365575125067555,9.94,-0.0397,9999.0,-4.0,0.0,-4.0,-0.0248,0.0462,-1.0,9999.0,0.77072,0.4308888888888889,-0.4,0.0992,-3.0,9999.0,0.062,0.2925,13.51,9999.0,2253.0,-0.0099,9999.0,0.0496,9999.0,-1.0,0.0038,-0.7637960286346424,9999.0,23.41,9999.0,0.0446,0.0042,-3.0,9999.0,-0.2395502960419218,-0.0397,0.0174,0.751702,0.0,-0.0319533395880818,9999.0,0.5757663148492351,9999.0,0.176,-0.4806827042515427,0.0046999999999999,0.8768945990445054,0.0372,0.0,0.0124,0.53,0.0,-0.37,-0.877,0.482,-4.0,0.0273,0.9488,-0.6700380294340622,0.0001,-3.0,9999.0,0.0005,9999.0,9999.0,0.0347,9999.0,9999.0,0.0008,-0.970883955818731,0.0,0.0415,0.0,-0.605,0.9533,0.0,0.0372,0.0347,-0.0418181933383468,-0.16,0.744515,9999.0,-3.0,9999.0,0.0008
19,0.802948,0.0644,9999.0,0.0892,9999.0,0.0,880.0,-0.17,0.0074,0.9848246128485464,12.62,0.1462,9999.0,3.0,0.0,6.0,0.1537,0.2167,-3.0,9999.0,0.77059,0.5848,-0.31,-0.0124,-4.0,9999.0,0.0397,-0.0694,3.38,2525.0,2253.0,-0.0496,9999.0,0.0644,9999.0,-3.0,0.008,0.0994934181893924,9999.0,17.73,9999.0,0.0099,0.0036,1.0,9999.0,-0.6763619120624592,-0.0273,0.0372,0.783121,0.0,0.7461459831747721,9999.0,0.625912839392346,9999.0,0.0198,-0.4828239248742275,0.0524,0.8757174530458134,0.1091,0.0,0.1115,-0.71,0.0,-0.46,-0.9186,0.7412,-1.0,0.0496,0.7673000000000001,-0.4750099826591495,0.0005,0.0,9999.0,0.0037,9999.0,9999.0,0.0149,9999.0,9999.0,0.0012,-0.7365694562709033,9999.0,0.14,0.1239,-0.8226,0.7796,0.0,-0.0149,-0.0099,-0.0319533395880818,-0.24,0.744515,9999.0,-2.0,2142.0,0.0281
20,0.802948,0.0793,914.0,0.0992,9999.0,0.0,2557.0,-0.45,0.0,0.6045007918965561,13.24,0.0644,9999.0,0.0,0.0,1.0,0.0744,0.994,-3.0,9999.0,0.769338,0.9099375,-0.27,0.0124,-3.0,9999.0,-0.0074,-0.0322,0.45,9999.0,2253.0,-0.0521,9999.0,0.0273,9999.0,-3.0,0.0005,-0.402267378703233,9999.0,11.96,9999.0,0.0421,0.0076,6.0,9999.0,0.6012573237717266,0.0248,0.0669,0.828479,0.0,0.7628161834470155,9999.0,-0.0365575125067555,9999.0,0.0719,-0.0883727588225386,0.1475,0.9960874738184862,0.1165,0.0,0.0793,-0.59,0.0,-0.37,-0.9398,0.8082,0.0,0.0471,0.0031,0.8428283246405387,0.0,0.0,9999.0,0.002,9999.0,3928.0,0.0446,9999.0,2525.0,0.016,0.7990554615362198,9999.0,0.0088,0.1091,-0.8684,0.004,0.0,0.0099,-0.005,0.7461459831747721,-0.24,0.744515,9999.0,0.0,9999.0,0.8373999999999999
21,0.802626,0.0644,9999.0,0.0892,9999.0,0.0,1500.0,-0.17,0.0074,0.026223696074209,12.19,0.1462,9999.0,2.0,0.0,6.0,0.1537,0.9957,-3.0,9999.0,0.76768,0.7151333333333333,-0.31,-0.0124,-4.0,9999.0,0.0397,-0.0694,4.77,9999.0,2253.0,-0.0496,9999.0,0.0644,9999.0,-3.0,0.0002,-0.7324240794262119,9999.0,18.55,9999.0,0.0099,0.0064,1.0,9999.0,0.3536381041777596,-0.0273,0.0372,0.81361,0.0,0.5603766997559104,4060.0,0.9848246128485464,9999.0,0.0198,-0.0833299966141034,0.177,0.9965220076166372,0.1091,0.0,0.1115,-0.71,0.0,-0.46,-0.9146,0.788,-2.0,0.0496,0.0022,0.9789743284581284,0.0,0.0,9999.0,0.0016,9999.0,819.0,0.0149,9999.0,9999.0,0.0218,0.935382323584084,9999.0,0.0095,0.1239,-0.8734,0.0027,89.0,-0.0149,-0.0099,0.7628161834470155,-0.24,0.745038,9999.0,-1.0,3654.0,0.8089
22,0.80024,0.2479,9999.0,0.0347,9999.0,0.0,9999.0,0.31,-0.0347,-0.0966014505009894,16.52,0.0198,9999.0,1.0,1000.0,-1.0,-0.0099,0.099,-2.0,1442.0,0.767633,0.50485,0.18,-0.0421,-3.0,9999.0,-0.0545,-0.1289,5.04,9999.0,2239.0,-0.0273,1147.0,-0.0273,9999.0,-3.0,0.004,0.9852589874779216,9999.0,23.16,9999.0,0.0297,0.0054,0.0,9999.0,-0.4951554286552266,0.0644,0.0595,0.784252,0.0,-0.0418181933383468,9999.0,0.6045007918965561,2471.0,-0.0843,-0.6095918927412881,0.0237999999999999,0.7927154119254235,0.062,0.0,0.0347,-0.29,0.0,0.07,-0.6988,0.5718,2.0,0.0223,0.9001,-0.8290375725550416,0.0,1.0,9999.0,0.0001,9999.0,9999.0,0.0372,9999.0,9999.0,0.0327,-0.8688044092160553,9999.0,0.07,0.062,-0.873,0.9009,0.0,-0.0074,-0.0198,0.5603766997559104,-0.1,0.745513,9999.0,-2.0,9999.0,0.0019
23,0.799224,-0.4487,9999.0,-0.005,9999.0,0.0,9999.0,-0.72,0.1859,1.0,12.19,-0.0397,9999.0,-4.0,0.0,-4.0,-0.0248,0.0127,-1.0,9999.0,0.767266,0.1586666666666666,-0.4,0.0992,-3.0,9999.0,0.062,0.2925,18.16,9999.0,2253.0,-0.0099,9999.0,0.0496,9999.0,-1.0,0.0008,-0.7849926664121722,9999.0,30.69,9999.0,0.0446,0.0044,-3.0,9999.0,-0.0415268915247299,-0.0397,0.0174,0.721643,0.0,0.5189665535907825,9999.0,0.026223696074209,9999.0,0.176,-0.4331872223389694,0.0005,0.9013039611597456,0.0372,0.0,0.0124,0.53,0.0,-0.37,-0.1024,0.0076,-4.0,0.0273,0.987,-0.6556637740652745,0.0,-3.0,9999.0,0.0,9999.0,9999.0,0.0347,9999.0,9999.0,0.0464,-0.9991373865891984,0.0,0.0116999999999999,0.0,-0.9054,0.9873,0.0,0.0372,0.0347,-0.0418181933383468,-0.16,0.748505,9999.0,-3.0,9999.0,0.0
24,0.798859,0.0545,1585.0,0.2107,9999.0,0.0,2525.0,-0.03,0.1091,-0.2321798785699552,21.29,0.0768,9999.0,-3.0,0.0,-3.0,0.0397,0.0393,4.0,3654.0,0.767266,0.3471612903225806,-0.26,0.0397,-1.0,9999.0,0.0545,-0.0025,7.04,9999.0,2253.0,-0.0967,1500.0,0.1512,9999.0,3.0,0.0016,-0.2378554198779628,9999.0,29.51,9999.0,0.2107,0.0037,-3.0,9999.0,-0.4374296916729331,0.0347,0.2454,0.695326,0.0,0.5189665535907825,9999.0,-0.0966014505009894,9999.0,0.0,-0.5193699727684525,0.0022,0.8545494903084881,0.3669,0.0,0.2181,1.0,0.2,-0.32,-0.1082,0.01,-3.0,0.1785,0.9611,-0.6744312620835851,0.0,-2.0,9999.0,0.0001,9999.0,9999.0,0.1636,9999.0,9999.0,0.0701,-0.8992526145877602,9999.0,0.0348,0.295,-0.9016,0.9606,0.0,0.0992,0.0322,0.5189665535907825,0.75,0.75164,9999.0,-3.0,4060.0,0.0002
25,0.790004,-0.4487,9999.0,-0.005,9999.0,0.0,9999.0,-0.72,0.1859,0.2491592092953529,12.0,-0.0397,9999.0,-4.0,0.0,-4.0,-0.0248,0.2565,-1.0,9999.0,0.767266,0.2534074074074074,-0.4,0.0992,-3.0,9999.0,0.062,0.2925,17.13,9999.0,2253.0,-0.0099,9999.0,0.0496,9999.0,-1.0,0.0077,-0.4324005214091677,9999.0,28.9,9999.0,0.0446,0.003,-3.0,9999.0,-0.2108129937453287,-0.0397,0.0174,0.658276,0.0,-0.1675154807192886,9999.0,1.0,9999.0,0.176,-0.4745491609033048,0.0475999999999999,0.8802290008207917,0.0372,0.0,0.0124,0.53,0.4,-0.37,0.0376,-0.1376,-4.0,0.0273,0.7378,-0.6702971095343224,0.0002,-3.0,9999.0,0.0011,9999.0,9999.0,0.0347,9999.0,9999.0,0.106,-0.9775264097036622,0.0,0.2001,0.0,-0.9,0.7424,0.0,0.0372,0.0347,0.5189665535907825,-0.16,0.751165,9999.0,-3.0,9999.0,0.0056
26,0.786099,0.0297,1081.0,0.0372,9999.0,0.0,9999.0,1.0,0.0297,-0.2323671456082522,16.28,0.1487,9999.0,5.0,0.0,2.0,0.1041,0.5995,-3.0,9999.0,0.767266,0.5423684210526316,-0.06,-0.0074,-3.0,9999.0,0.005,-0.0669,4.72,9999.0,2253.0,-0.0248,9999.0,0.0421,9999.0,-3.0,0.0088,-0.3578790788750964,9999.0,22.23,9999.0,-0.0521,0.0022,0.0,9999.0,-0.3216047308919797,-0.0223,-0.0149,0.700593,0.0,0.4087937126048303,9999.0,-0.2321798785699552,9999.0,0.0273,-0.5063348073531327,0.1557,0.8623369775573039,0.0223,0.0,0.0669,-0.65,0.6,-0.27,-0.313,0.2354,0.0,0.0,0.3975999999999999,-0.7404527826768162,0.0002,2.0,9999.0,0.0016,9999.0,9999.0,-0.0372,2525.0,9999.0,0.1416,-0.946874013302666,9999.0,0.4259,0.0595,-0.9224,0.3989,0.0,-0.0372,-0.0174,-0.1675154807192886,-0.26,0.750642,9999.0,-2.0,1500.0,0.0102
27,0.785229,-0.0768,9999.0,0.0818,9999.0,0.0,4060.0,-1.0,0.0496,0.0,12.41,0.0917,9999.0,-1.0,0.0,-1.0,0.0223,0.7518,-2.0,9999.0,0.767223,0.6353793103448275,-0.33,0.0248,-3.0,9999.0,0.0124,0.0644,4.91,3654.0,2253.0,-0.0892,2685.0,0.1066,9999.0,-3.0,0.0225,-0.9674888300213396,9999.0,19.16,9999.0,0.2429,0.0016,-2.0,9999.0,0.3921765714921517,-0.0099,0.2305,0.677307,0.0,0.0671716613279848,9999.0,0.2491592092953529,9999.0,0.0644,-0.3598339715283048,0.0314,0.9330163519114588,0.2826,0.0,0.2132,0.12,0.8,-1.0,-0.2872,0.2204,-2.0,0.1859,0.225,-0.7953677038115436,0.001,-1.0,1784.0,0.0037,9999.0,2525.0,0.1834,9999.0,3987.0,0.1998,-0.9198899590563324,9999.0,0.7045999999999999,0.2727,-0.9332,0.2445,0.0,0.0149,-0.0521,0.4087937126048303,0.27,0.750642,2491.0,-2.0,9999.0,0.0128
28,0.77621,0.0149,9999.0,0.2727,9999.0,0.0,9999.0,0.17,0.1686,0.0,11.53,0.1215,9999.0,-3.0,0.0,-3.0,0.0694,0.995,3.0,9999.0,0.767223,0.5608,-0.01,0.0446,0.0,9999.0,0.057,0.0372,7.98,1000.0,1074.0,-0.1239,1000.0,0.1636,9999.0,4.0,0.0005,-0.682381202460839,9999.0,20.65,9999.0,0.2553,0.0011,-3.0,9999.0,0.0228618212283992,0.0471,0.2925,0.687945,0.0,0.0,9999.0,-0.2323671456082522,9999.0,0.0595,-0.3366022594127923,0.0013,0.9416469184137988,0.4561,0.0,0.2851,0.76,1.0,-0.07,-0.8636,0.7418,-3.0,0.2181,0.0027,-0.5066357888897406,0.0,-3.0,9999.0,0.0002,9999.0,9999.0,0.2033,9999.0,9999.0,0.2602,-0.9997386344090744,9999.0,0.995,0.3743,-0.8782,0.0049,0.0,0.1091,0.0421,0.0671716613279848,1.0,0.750642,9999.0,-4.0,9999.0,0.0004
